{"val_loss": [1.4280015890496658, 1.384909448001869, 1.1640746528373584, 1.1016605167410174, 1.130845951050827, 1.1511105111994495, 1.2865950996147022, 1.3382359458464173, 1.4341339398705883, 1.6608515373011026, 1.7890766571743237, 1.8974130022123883, 1.8248654161864053, 1.9311580745647066, 1.901558744970488, 1.959554054305958, 2.15088964245983, 2.2539878899953463, 2.089307470951415, 2.0982073276745106], "val_acc": [0.4522151017037897, 0.4764558373137947, 0.553078852056228, 0.5828921705293403, 0.5820562830955147, 0.5918083031817245, 0.5893006408511845, 0.5932014488798557, 0.6146558930105603, 0.6051825020980224, 0.6032320980774589, 0.6104764558455844, 0.617163555316189, 0.6138200055767348, 0.6115909724489299, 0.6021175815073286, 0.6012816940735031, 0.6090833101225418, 0.6093619392671503, 0.6129841181470611], "loss": [1.6523512922224153, 1.3010347802555298, 1.1195297345663935, 0.9920307688576067, 0.8712031991166281, 0.7260414739756165, 0.5621824558194307, 0.41191538352849383, 0.28474593554143085, 0.2033206407861729, 0.1453572019867295, 0.1402310108841739, 0.12036337609255718, 0.11293436192989689, 0.09919682996890458, 0.10082613619992413, 0.08658731534234643, 0.08042366264510342, 0.08311961923149601, 0.07635098764406091], "acc": [0.3618799925784266, 0.5033438603027929, 0.5796024521568388, 0.6316490185446056, 0.6768220942657764, 0.7333890643235854, 0.7961483682941833, 0.8553161186635719, 0.9017586228397064, 0.9315127871399568, 0.9512353706185652, 0.9542696142249805, 0.9592854046321105, 0.9638058084128803, 0.9677379403928388, 0.9658183168904303, 0.9713604557668472, 0.9737754659362161, 0.9708650690076137, 0.9739302742834822]}